{
  "group": "darknessmod",
  "type": "minecraft:crafting_shaped",
  "pattern": [
    "012",
    "345",
    "678"
  ],
  "key": {
    "0": {
      "item": "minecraft:gold_nugget"
    },
    "1": {
      "tag": "minecraft:planks"
    },
    "2": {
      "item": "minecraft:gold_nugget"
    },
    "3": {
      "item": "minecraft:redstone_torch"
    },
    "4": {
      "item": "darknessmod:darkness_ore_block"
    },
    "5": {
      "item": "minecraft:redstone_torch"
    },
    "6": {
      "item": "minecraft:experience_bottle"
    },
    "7": {
      "tag": "minecraft:planks"
    },
    "8": {
      "item": "minecraft:experience_bottle"
    }
  },
  "result": {
    "item": "darknessmod:darkness_device",
    "count": 1
  }
}