{
  "group": "darknessmod",
  "type": "minecraft:crafting_shaped",
  "pattern": [
    "012",
    "345",
    "678"
  ],
  "key": {
    "0": {
      "item": "minecraft:gold_ingot"
    },
    "1": {
      "item": "darknessmod:darkness_ore_block"
    },
    "2": {
      "item": "minecraft:gold_ingot"
    },
    "3": {
      "item": "darknessmod:darkness_ore_block"
    },
    "4": {
      "item": "darknessmod:darkness_device"
    },
    "5": {
      "item": "darknessmod:darkness_ore_block"
    },
    "6": {
      "item": "minecraft:gold_ingot"
    },
    "7": {
      "item": "darknessmod:darkness_ore_block"
    },
    "8": {
      "item": "minecraft:gold_ingot"
    }
  },
  "result": {
    "item": "darknessmod:darkness_core",
    "count": 15
  }
}