{
  "_fv": 8,
  "_type": "tool",
  "definition": {
    "renderType": 0,
    "texture": "darkness_axe",
    "customModelName": "Normal",
    "name": "Darkness Axe",
    "specialInfo": [],
    "creativeTab": {
      "value": "TOOLS"
    },
    "toolType": "Axe",
    "harvestLevel": 20,
    "efficiency": 100.0,
    "attackSpeed": 1.0,
    "enchantability": 1000,
    "damageVsEntity": 75.0,
    "usageCount": 6280,
    "blocksAffected": [],
    "hasGlow": true,
    "repairItems": [
      {
        "value": "CUSTOM:DarknessAxe"
      },
      {
        "value": "CUSTOM:DarknessDust"
      }
    ]
  }
}