{
  "_fv": 8,
  "_type": "item",
  "definition": {
    "renderType": 0,
    "texture": "darknessdevice",
    "customModelName": "Normal",
    "name": "Darkness Device",
    "creativeTab": {
      "value": "MISC"
    },
    "stackSize": 64,
    "enchantability": 0,
    "useDuration": 0,
    "toolType": 1.0,
    "damageCount": 0,
    "destroyAnyBlock": false,
    "stayInGridWhenCrafting": false,
    "enableMeleeDamage": false,
    "damageVsEntity": 0.0,
    "specialInfo": [
      "Mysterious device used to make a portal to the Darkness dimension",
      "use with caution.",
      "Or, you know, you could just blow yourself to bits.",
      "It's you're choice."
    ],
    "hasGlow": true,
    "guiBoundTo": "<NONE>",
    "inventorySize": 9,
    "inventoryStackSize": 1
  }
}