{
  "_fv": 8,
  "_type": "biome",
  "definition": {
    "groundBlock": {
      "value": "CUSTOM:Darkarite"
    },
    "undergroundBlock": {
      "value": "CUSTOM:DarknessOreBlock"
    },
    "generateLakes": false,
    "treeType": 0,
    "vanillaTreeType": "Default",
    "minHeight": 7,
    "spawnVines": false,
    "treeVines": {
      "value": ""
    },
    "treeStem": {
      "value": ""
    },
    "treeBranch": {
      "value": ""
    },
    "treeFruits": {
      "value": ""
    },
    "customColors": true,
    "airColor": {
      "value": -10027162,
      "falpha": 0.0
    },
    "grassColor": {
      "value": -16776961,
      "falpha": 0.0
    },
    "waterColor": {
      "value": -10092442,
      "falpha": 0.0
    },
    "treesPerChunk": 3,
    "grassPerChunk": 4,
    "flowersPerChunk": 4,
    "mushroomsPerChunk": 0,
    "bigMushroomsChunk": 0,
    "sandPathcesPerChunk": 0,
    "gravelPatchesPerChunk": 0,
    "reedsPerChunk": 0,
    "cactiPerChunk": 0,
    "rainingPossibility": 0.5,
    "temperature": 0.5,
    "baseHeight": 0.1,
    "heightVariation": 0.2,
    "spawnBiome": false,
    "biomeWeight": 10,
    "biomeType": "WARM",
    "biomeCategory": "NONE",
    "parent": {
      "value": "No parent"
    },
    "biomeDictionaryTypes": [],
    "spawnList": [
      {
        "value": "EntityDrowned"
      }
    ]
  }
}