{
  "_fv": 8,
  "_type": "recipe",
  "definition": {
    "recipeType": "Crafting",
    "xpReward": 0.0,
    "cookingTime": 200,
    "recipeRetstackSize": 1,
    "group": "",
    "recipeShapeless": false,
    "recipeSlots": [
      {
        "value": "Items.GOLD_NUGGET"
      },
      {
        "value": "Blocks.PLANKS"
      },
      {
        "value": "Items.GOLD_NUGGET"
      },
      {
        "value": "Blocks.REDSTONE_TORCH"
      },
      {
        "value": "CUSTOM:DarknessOreBlock"
      },
      {
        "value": "Blocks.REDSTONE_TORCH"
      },
      {
        "value": "Items.EXPERIENCE_BOTTLE"
      },
      {
        "value": "Blocks.PLANKS"
      },
      {
        "value": "Items.EXPERIENCE_BOTTLE"
      }
    ],
    "recipeReturnStack": {
      "value": "CUSTOM:DarknessDevice"
    },
    "name": "darknessdevicecrafting",
    "namespace": "mod"
  }
}