{
  "_fv": 8,
  "_type": "armor",
  "definition": {
    "enableHelmet": true,
    "textureHelmet": "darkness_head",
    "enableBody": true,
    "textureBody": "darkness_body",
    "enableLeggings": true,
    "textureLeggings": "darkness_leggings",
    "enableBoots": true,
    "textureBoots": "darkness_boots",
    "creativeTab": {
      "value": "COMBAT"
    },
    "armorTextureFile": "darkness",
    "helmetName": "Darkness Helmet",
    "bodyName": "Darkness Chestplate",
    "leggingsName": "Darkness Leggings",
    "bootsName": "Darkness Boots",
    "helmetModelName": "Default",
    "helmetModelPart": "Helmet",
    "helmetModelTexture": "From armor",
    "bodyModelName": "Default",
    "bodyModelPart": "Body",
    "bodyModelTexture": "From armor",
    "leggingsModelName": "Default",
    "leggingsModelPartL": "Leggings L",
    "leggingsModelPartR": "Leggings R",
    "leggingsModelTexture": "From armor",
    "bootsModelName": "Default",
    "bootsModelPartL": "Boots L",
    "bootsModelPartR": "Boots R",
    "bootsModelTexture": "From armor",
    "maxDamage": 150,
    "damageValueHelmet": 20,
    "damageValueBody": 50,
    "damageValueLeggings": 60,
    "damageValueBoots": 20,
    "enchantability": 90,
    "toughness": 0.0,
    "equipSound": {
      "value": ""
    },
    "repairItems": []
  }
}