{
  "_fv": 8,
  "_type": "dimension",
  "definition": {
    "portalFrame": {
      "value": "CUSTOM:DarknessCore"
    },
    "portalParticles": {
      "value": "PORTAL"
    },
    "portalLuminance": 0.0,
    "portalSound": {
      "value": "block.portal.ambient"
    },
    "igniterName": "Darkness Igniter",
    "igniterTab": {
      "value": "CUSTOM:DarknessMod"
    },
    "texture": "darknessigniter",
    "portalTexture": "darknessportalblock",
    "enablePortal": true,
    "biomesInDimension": [
      {
        "value": "CUSTOM:Darknessdimensionfillerbiome"
      }
    ],
    "worldGenType": "Nether like gen",
    "mainFillerBlock": {
      "value": "CUSTOM:DarknessOreBlock"
    },
    "fluidBlock": {
      "value": "CUSTOM:Darknessfluid"
    },
    "airColor": {
      "value": -13421773,
      "falpha": 0.0
    },
    "canRespawnHere": true,
    "hasFog": true,
    "hasWeather": false,
    "isDark": true,
    "doesWaterVaporize": false,
    "sleepResult": "ALLOW",
    "hasSkyLight": false,
    "imitateOverworldBehaviour": false,
    "whenPortaTriggerlUsed": {
      "name": "DarknessdimensionPlayerEntersDimension"
    },
    "onPlayerEntersDimension": {
      "name": "DarknessdimensionPlayerEntersDimension2"
    }
  }
}