{
  "_fv": 8,
  "_type": "recipe",
  "definition": {
    "recipeType": "Crafting",
    "xpReward": 0.0,
    "cookingTime": 200,
    "recipeRetstackSize": 15,
    "group": "",
    "recipeShapeless": false,
    "recipeSlots": [
      {
        "value": "Items.GOLD_INGOT"
      },
      {
        "value": "CUSTOM:DarknessOreBlock"
      },
      {
        "value": "Items.GOLD_INGOT"
      },
      {
        "value": "CUSTOM:DarknessOreBlock"
      },
      {
        "value": "CUSTOM:DarknessDevice"
      },
      {
        "value": "CUSTOM:DarknessOreBlock"
      },
      {
        "value": "Items.GOLD_INGOT"
      },
      {
        "value": "CUSTOM:DarknessOreBlock"
      },
      {
        "value": "Items.GOLD_INGOT"
      }
    ],
    "recipeReturnStack": {
      "value": "CUSTOM:DarknessCore"
    },
    "name": "darkness_core_crafting",
    "namespace": "mod"
  }
}